{"distribution": [12.604962784822003, 13.352976819652778, 14.903804981132877, 11.50048422228075, 10.709744572655985, 13.056148767502355, 13.418509673974304, 9.840204128470615, 13.3045986078465, 11.600396850489494, 10.683237746100803, 12.639859386172416, 13.03847535100317, 13.078318367073676, 12.237652007079026, 10.873036559370231, 10.864978864207318, 10.27019097676472, 13.112716770679366, 11.762262778642588, 12.435587021771278, 12.584730511041872, 14.092849592732449, 11.625065594701901, 12.779418949496357, 12.650103143440507, 12.285223220095862, 12.433772971680327, 10.085914636722263, 11.050510795413569, 11.869090105574928, 15.830252536948198, 12.417807543713117, 11.797087897845422, 11.192904888875763, 11.6664229773343, 12.066247141799414, 10.736106149789434, 11.989101167491347, 12.665544218477866, 12.911828985552978, 10.67762064148712, 11.561510810803407, 13.858193133705855, 13.542727573950046, 10.236682452828019, 12.248144417177496, 13.451308586135898, 13.293760529814582, 10.0620742679709], "mean_aep_GWh": 12.17900305360587, "p50_GWh": 12.266683818636679, "p90_GWh": 10.63687767501488, "std_dev": 1.2634965366156161, "num_simulations": 50}