{"distribution": [12.779261082982467, 11.482595624223437, 11.893367818115532, 11.002065591234528, 11.66011342520801, 12.372654115835381, 11.994027551873375, 12.884750088129309, 12.714463248083703, 11.23076433352532, 10.86255503625544, 13.010215063553431, 12.280956028244635, 13.150036350621956, 10.479754654856054, 14.553682246568947, 11.561196579411734, 11.63290607990127, 11.49799127536584, 12.01021788251072, 12.172495028420467, 12.127131395132645, 11.597973172834926, 12.291087085036299, 13.882623251417794, 12.191811474084803, 13.091667740552836, 13.449298863481289, 11.84930843978337, 11.383336669641604, 12.240117039478594, 12.332692560861448, 13.15116696449906, 12.243182833481207, 12.627224479224473, 12.836622363363167, 12.518938564140276, 11.505521146770802, 13.556920673481462, 12.60974213025094, 12.541493190972702, 12.282947686609154, 12.557775024657236, 13.118556508807384, 12.5561669044269, 13.000933886070953, 12.661028240663507, 13.530646418051312, 12.240639070469053, 13.661140362959538, 13.435131231923345, 11.705243717077717, 11.417168176948785, 11.364029125813298, 13.21656004201647, 12.059428718604227, 13.274366646364742, 12.618004981451051, 13.049904026593149, 11.30084089525222, 13.491149428614658, 12.724516043700445, 13.880908609767566, 11.305386069488062, 13.249912986671857, 12.346707249679708, 13.446150135370399, 12.727944015875684, 13.93149543966322, 11.977751720623495, 13.10143989702897, 12.090423262721492, 12.858503627833235, 12.342242123111593, 15.5857489956977, 13.331777035421059, 9.3802663886006, 13.94214128927212, 12.872436017561089, 13.67340391745212, 11.899264715466792, 13.027319704340487, 11.409867622430914, 14.294221387679812, 12.132979846275317, 12.324348425771948, 11.414919873888925, 11.824741967411052, 10.460742882829965, 11.502912734741251, 12.538875621698072, 12.126572661624127, 9.962185772185524, 12.891864827341804, 14.681258159543493, 13.544531683391657, 13.274654437678645, 13.837078221407895, 10.70369513630146, 12.796667942410842], "mean_aep_GWh": 12.47213448686746, "p50_GWh": 12.528907092919173, "p90_GWh": 11.358164820180775, "std_dev": 1.0140891568131067}